{
  "kappa": -0.7995669232223998,
  "rho_coef": 6.356263903288916e-19,
  "c_coef": -1.1038410119632019e-16,
  "kappa_t": -105.38488159622766,
  "rho_t": 6.057026305810612e-14,
  "c_t": -5.3941313127658563e-14,
  "R2": 0.0689431004722122,
  "n_pairs": 149986,
  "n_pairs_total": 151380
}