{
  "gamma": 3.890375071782699e-12,
  "gamma_t": 2.298381651564258e-05,
  "R2": 0.0006088273087314633,
  "delta_R2": 0.0006088273087314633,
  "n_edges": 113011,
  "adj_edges": 11159
}