{
  "diffusion_D": 3.19518216505576e-12,
  "diffusion_t": 2.0706119284231192e-05,
  "R2": 0.0006104692705729553,
  "delta_R2": 0.0006104692705729553,
  "n_edges": 112988
}