{"energy_total": 273138.44337431167, "energy_grad": 29372.751284472593, "energy_resid": 243765.68783544615, "R2": 0.10753797662459696, "eta": 0.9348897170954795, "edges": 113011, "nodes": 1475, "weight_type": "cap", "cap_tau": 200.0, "drop_self": true, "sample_edges": 120000, "bins_dist": 8, "bins_weight": 8, "seed": 42}