{"energy_total": 589032.9720220866, "energy_grad": 99317.38083887503, "energy_resid": 489715.5990566862, "R2": 0.1686108888343798, "eta": 0.912590374303259, "edges": 120000, "nodes": 1475, "weight_type": "cap", "cap_tau": 200.0, "drop_self": true, "sample_edges": 120000, "bins_dist": 8, "bins_weight": 8, "seed": 42}