{"energy_total": 1068521.8222779527, "energy_grad": 206875.96722147168, "energy_resid": 861651.4117765609, "R2": 0.19360429163755433, "eta": 0.8982439428386478, "edges": 150000, "nodes": 1475}