{
  "R2_oos": {
    "drhoH": 0.411087540597045,
    "drhoW": -3.3022381263207663,
    "dIn": -3.798359910598961
  },
  "epochs": 200,
  "n_train_counties": 82,
  "n_test_counties": 1
}