{
  "drhoH": {
    "rhoH": {
      "bands_km": [
        0.0,
        2.0,
        4.0,
        6.0,
        8.0,
        10.0
      ],
      "mean": [
        0.004163839310093458,
        0.008799036639372268,
        0.01719029564186033,
        0.02058565633438797,
        0.018248067069125462
      ],
      "std": [
        0.012076739554168181,
        0.016331707334121197,
        0.024397632991463178,
        0.021589525139690063,
        0.022669842855607886
      ]
    },
    "rhoW": {
      "bands_km": [
        0.0,
        2.0,
        4.0,
        6.0,
        8.0,
        10.0
      ],
      "mean": [
        0.004201390926378319,
        0.006072975117264383,
        0.008001175052654672,
        0.013221611639804554,
        0.009827117351478482
      ],
      "std": [
        0.010787059504999452,
        0.011195463727144086,
        0.012495172290413635,
        0.015251893887459426,
        0.013950677045448695
      ]
    },
    "In": {
      "bands_km": [
        0.0,
        2.0,
        4.0,
        6.0,
        8.0,
        10.0
      ],
      "mean": [
        0.0038758759016552604,
        0.005295854454568352,
        0.007096214253590049,
        0.011123719709330654,
        0.01011887841846749
      ],
      "std": [
        0.012014678746470688,
        0.010591368793862367,
        0.011263161524863521,
        0.012893336991425482,
        0.013540171598849163
      ]
    }
  },
  "drhoW": {
    "rhoH": {
      "bands_km": [
        0.0,
        2.0,
        4.0,
        6.0,
        8.0,
        10.0
      ],
      "mean": [
        0.014225623604044857,
        0.021344150371670007,
        0.03347943646900625,
        0.04043193950867617,
        0.03397464889090463
      ],
      "std": [
        0.03873355735482323,
        0.046479868445664305,
        0.05036102541859641,
        0.0475129128970911,
        0.042879896591015605
      ]
    },
    "rhoW": {
      "bands_km": [
        0.0,
        2.0,
        4.0,
        6.0,
        8.0,
        10.0
      ],
      "mean": [
        0.019827313451881868,
        0.025454630536666835,
        0.03942871189687446,
        0.05970953055937965,
        0.04636846401964326
      ],
      "std": [
        0.056894984641816373,
        0.048559020037182925,
        0.05750500239766853,
        0.07193552962082843,
        0.060251704181295294
      ]
    },
    "In": {
      "bands_km": [
        0.0,
        2.0,
        4.0,
        6.0,
        8.0,
        10.0
      ],
      "mean": [
        0.01544223209641066,
        0.022362446333898837,
        0.03243447474417198,
        0.042560195999152686,
        0.0377735834658505
      ],
      "std": [
        0.04361057077803907,
        0.04456547000485462,
        0.05052518886471748,
        0.05177979994444278,
        0.05092286737430016
      ]
    }
  }
}